ref,kind,Manufacturer,MPN,DigiKey PN,Status,Package,Tolerance,Voltage,Dielectric,spec_only,basis
C1,generic,,,,,0402,,,,yes,value+footprint from schematic; voltage inferred from net; tolerance/dielectric unspecified
C108,generic,,,,,0402,,,,yes,value+footprint from schematic; voltage inferred from net; tolerance/dielectric unspecified
C115,generic,,,,,0402,,,,yes,value+footprint from schematic; voltage inferred from net; tolerance/dielectric unspecified
C116,generic,,,,,0402,,,,yes,value+footprint from schematic; voltage inferred from net; tolerance/dielectric unspecified
C120,generic,,,,,0402,,,,yes,value+footprint from schematic; voltage inferred from net; tolerance/dielectric unspecified
C121,generic,,,,,0402,,,,yes,value+footprint from schematic; voltage inferred from net; tolerance/dielectric unspecified
C122,generic,,,,,0402,,,,yes,value+footprint from schematic; voltage inferred from net; tolerance/dielectric unspecified
C123,generic,,,,,0402,,,,yes,value+footprint from schematic; voltage inferred from net; tolerance/dielectric unspecified
C15,generic,,,,,0402,,,,yes,value+footprint from schematic; voltage inferred from net; tolerance/dielectric unspecified
C152,generic,,,,,0402,,,,yes,value+footprint from schematic; voltage inferred from net; tolerance/dielectric unspecified
C153,generic,,,,,0402,,,,yes,value+footprint from schematic; voltage inferred from net; tolerance/dielectric unspecified
C154,generic,,,,,0402,,,,yes,value+footprint from schematic; voltage inferred from net; tolerance/dielectric unspecified
C158,generic,,,,,0402,,,,yes,value+footprint from schematic; voltage inferred from net; tolerance/dielectric unspecified
C159,generic,,,,,0402,,,,yes,value+footprint from schematic; voltage inferred from net; tolerance/dielectric unspecified
C160,generic,,,,,0402,,,,yes,value+footprint from schematic; voltage inferred from net; tolerance/dielectric unspecified
C161,generic,,,,,0402,,,,yes,value+footprint from schematic; voltage inferred from net; tolerance/dielectric unspecified
C17,generic,,,,,0402,,,,yes,value+footprint from schematic; voltage inferred from net; tolerance/dielectric unspecified
C18,generic,,,,,0402,,,,yes,value+footprint from schematic; voltage inferred from net; tolerance/dielectric unspecified
C2,generic,,,,,0402,,,,yes,value+footprint from schematic; voltage inferred from net; tolerance/dielectric unspecified
C207,generic,,,,,0402,,,,yes,value+footprint from schematic; voltage inferred from net; tolerance/dielectric unspecified
C21,generic,,,,,0402,,,,yes,value+footprint from schematic; voltage inferred from net; tolerance/dielectric unspecified
C210,generic,,,,,0402,,,,yes,value+footprint from schematic; voltage inferred from net; tolerance/dielectric unspecified
C211,generic,,,,,0402,,,,yes,value+footprint from schematic; voltage inferred from net; tolerance/dielectric unspecified
C212,generic,,,,,0402,,,,yes,value+footprint from schematic; voltage inferred from net; tolerance/dielectric unspecified
C219,generic,,,,,0402,,,,yes,value+footprint from schematic; voltage inferred from net; tolerance/dielectric unspecified
C221,generic,,,,,0402,,,,yes,value+footprint from schematic; voltage inferred from net; tolerance/dielectric unspecified
C223,generic,,,,,0402,,,,yes,value+footprint from schematic; voltage inferred from net; tolerance/dielectric unspecified
C224,generic,,,,,0402,,,,yes,value+footprint from schematic; voltage inferred from net; tolerance/dielectric unspecified
C225,generic,,,,,0402,,,,yes,value+footprint from schematic; voltage inferred from net; tolerance/dielectric unspecified
C23,generic,,,,,0402,,,,yes,value+footprint from schematic; voltage inferred from net; tolerance/dielectric unspecified
C24,generic,,,,,0402,,,,yes,value+footprint from schematic; voltage inferred from net; tolerance/dielectric unspecified
C25,generic,,,,,0402,,,,yes,value+footprint from schematic; voltage inferred from net; tolerance/dielectric unspecified
C252,generic,,,,,0402,,,,yes,value+footprint from schematic; voltage inferred from net; tolerance/dielectric unspecified
C27,generic,,,,,0402,,,,yes,value+footprint from schematic; voltage inferred from net; tolerance/dielectric unspecified
C30,generic,,,,,0402,,,,yes,value+footprint from schematic; voltage inferred from net; tolerance/dielectric unspecified
C301,generic,,,,,0402,,,,yes,value+footprint from schematic; voltage inferred from net; tolerance/dielectric unspecified
C302,generic,,,,,0402,,,,yes,value+footprint from schematic; voltage inferred from net; tolerance/dielectric unspecified
C4,generic,,,,,0402,,,,yes,value+footprint from schematic; voltage inferred from net; tolerance/dielectric unspecified
C41,generic,,,,,0402,,,,yes,value+footprint from schematic; voltage inferred from net; tolerance/dielectric unspecified
C43,generic,,,,,0402,,,,yes,value+footprint from schematic; voltage inferred from net; tolerance/dielectric unspecified
C49,generic,,,,,0402,,,,yes,value+footprint from schematic; voltage inferred from net; tolerance/dielectric unspecified
C58,generic,,,,,0402,,,,yes,value+footprint from schematic; voltage inferred from net; tolerance/dielectric unspecified
C6,generic,,,,,0402,,,,yes,value+footprint from schematic; voltage inferred from net; tolerance/dielectric unspecified
C63,generic,,,,,0402,,,,yes,value+footprint from schematic; voltage inferred from net; tolerance/dielectric unspecified
C73,generic,,,,,0402,,,,yes,value+footprint from schematic; voltage inferred from net; tolerance/dielectric unspecified
C74,generic,,,,,0402,,,,yes,value+footprint from schematic; voltage inferred from net; tolerance/dielectric unspecified
C75,generic,,,,,0402,,,,yes,value+footprint from schematic; voltage inferred from net; tolerance/dielectric unspecified
C10,generic,,,,,0402,,,,yes,value+footprint from schematic; voltage inferred from net; tolerance/dielectric unspecified
C13,generic,,,,,0402,,,,yes,value+footprint from schematic; voltage inferred from net; tolerance/dielectric unspecified
C36,generic,,,,,0402,,,,yes,value+footprint from schematic; voltage inferred from net; tolerance/dielectric unspecified
C100,generic,,,,,0805,,,,yes,value+footprint from schematic; voltage inferred from net; tolerance/dielectric unspecified
C101,generic,,,,,0805,,,,yes,value+footprint from schematic; voltage inferred from net; tolerance/dielectric unspecified
C102,generic,,,,,0805,,,,yes,value+footprint from schematic; voltage inferred from net; tolerance/dielectric unspecified
C106,generic,,,,,0805,,,,yes,value+footprint from schematic; voltage inferred from net; tolerance/dielectric unspecified
C162,generic,,,,,0805,,,,yes,value+footprint from schematic; voltage inferred from net; tolerance/dielectric unspecified
C248,generic,,,,,0805,,,,yes,value+footprint from schematic; voltage inferred from net; tolerance/dielectric unspecified
C26,generic,,,,,0805,,,,yes,value+footprint from schematic; voltage inferred from net; tolerance/dielectric unspecified
C303,generic,,,,,0805,,,,yes,value+footprint from schematic; voltage inferred from net; tolerance/dielectric unspecified
C306,generic,,,,,0805,,,,yes,value+footprint from schematic; voltage inferred from net; tolerance/dielectric unspecified
C60,generic,,,,,0805,,,,yes,value+footprint from schematic; voltage inferred from net; tolerance/dielectric unspecified
C61,generic,,,,,0805,,,,yes,value+footprint from schematic; voltage inferred from net; tolerance/dielectric unspecified
C62,generic,,,,,0805,,,,yes,value+footprint from schematic; voltage inferred from net; tolerance/dielectric unspecified
C64,generic,,,,,0805,,,,yes,value+footprint from schematic; voltage inferred from net; tolerance/dielectric unspecified
C70,generic,,,,,0805,,,,yes,value+footprint from schematic; voltage inferred from net; tolerance/dielectric unspecified
C71,generic,,,,,0805,,,,yes,value+footprint from schematic; voltage inferred from net; tolerance/dielectric unspecified
C76,generic,,,,,0805,,,,yes,value+footprint from schematic; voltage inferred from net; tolerance/dielectric unspecified
C77,generic,,,,,0805,,,,yes,value+footprint from schematic; voltage inferred from net; tolerance/dielectric unspecified
C78,generic,,,,,0805,,,,yes,value+footprint from schematic; voltage inferred from net; tolerance/dielectric unspecified
C79,generic,,,,,0805,,,,yes,value+footprint from schematic; voltage inferred from net; tolerance/dielectric unspecified
C80,generic,,,,,0805,,,,yes,value+footprint from schematic; voltage inferred from net; tolerance/dielectric unspecified
C81,generic,,,,,0805,,,,yes,value+footprint from schematic; voltage inferred from net; tolerance/dielectric unspecified
C82,generic,,,,,0805,,,,yes,value+footprint from schematic; voltage inferred from net; tolerance/dielectric unspecified
C83,generic,,,,,0805,,,,yes,value+footprint from schematic; voltage inferred from net; tolerance/dielectric unspecified
C84,generic,,,,,0805,,,,yes,value+footprint from schematic; voltage inferred from net; tolerance/dielectric unspecified
C85,generic,,,,,0805,,,,yes,value+footprint from schematic; voltage inferred from net; tolerance/dielectric unspecified
C86,generic,,,,,0805,,,,yes,value+footprint from schematic; voltage inferred from net; tolerance/dielectric unspecified
C87,generic,,,,,0805,,,,yes,value+footprint from schematic; voltage inferred from net; tolerance/dielectric unspecified
C88,generic,,,,,0805,,,,yes,value+footprint from schematic; voltage inferred from net; tolerance/dielectric unspecified
C93,generic,,,,,0805,,,,yes,value+footprint from schematic; voltage inferred from net; tolerance/dielectric unspecified
C94,generic,,,,,0805,,,,yes,value+footprint from schematic; voltage inferred from net; tolerance/dielectric unspecified
C98,generic,,,,,0805,,,,yes,value+footprint from schematic; voltage inferred from net; tolerance/dielectric unspecified
C109,generic,,,,,0402,,,,yes,value+footprint from schematic; voltage inferred from net; tolerance/dielectric unspecified
C11,generic,,,,,0402,,,,yes,value+footprint from schematic; voltage inferred from net; tolerance/dielectric unspecified
C110,generic,,,,,0402,,,,yes,value+footprint from schematic; voltage inferred from net; tolerance/dielectric unspecified
C111,generic,,,,,0402,,,,yes,value+footprint from schematic; voltage inferred from net; tolerance/dielectric unspecified
C112,generic,,,,,0402,,,,yes,value+footprint from schematic; voltage inferred from net; tolerance/dielectric unspecified
C113,generic,,,,,0402,,,,yes,value+footprint from schematic; voltage inferred from net; tolerance/dielectric unspecified
C114,generic,,,,,0402,,,,yes,value+footprint from schematic; voltage inferred from net; tolerance/dielectric unspecified
C3,generic,,,,,0402,,,,yes,value+footprint from schematic; voltage inferred from net; tolerance/dielectric unspecified
C300,generic,,,,,0402,,,,yes,value+footprint from schematic; voltage inferred from net; tolerance/dielectric unspecified
C44,generic,,,,,0402,,,,yes,value+footprint from schematic; voltage inferred from net; tolerance/dielectric unspecified
C5,generic,,,,,0402,,,,yes,value+footprint from schematic; voltage inferred from net; tolerance/dielectric unspecified
C53,generic,,,,,0402,,,,yes,value+footprint from schematic; voltage inferred from net; tolerance/dielectric unspecified
C7,generic,,,,,0402,,,,yes,value+footprint from schematic; voltage inferred from net; tolerance/dielectric unspecified
C8,generic,,,,,0402,,,,yes,value+footprint from schematic; voltage inferred from net; tolerance/dielectric unspecified
C117,generic,,,,,0402,,,,yes,value+footprint from schematic; voltage inferred from net; tolerance/dielectric unspecified
C118,generic,,,,,0402,,,,yes,value+footprint from schematic; voltage inferred from net; tolerance/dielectric unspecified
C119,generic,,,,,0402,,,,yes,value+footprint from schematic; voltage inferred from net; tolerance/dielectric unspecified
C163,generic,,,,,0402,,,,yes,value+footprint from schematic; voltage inferred from net; tolerance/dielectric unspecified
C164,generic,,,,,0402,,,,yes,value+footprint from schematic; voltage inferred from net; tolerance/dielectric unspecified
C165,generic,,,,,0402,,,,yes,value+footprint from schematic; voltage inferred from net; tolerance/dielectric unspecified
C166,generic,,,,,0402,,,,yes,value+footprint from schematic; voltage inferred from net; tolerance/dielectric unspecified
C167,generic,,,,,0402,,,,yes,value+footprint from schematic; voltage inferred from net; tolerance/dielectric unspecified
C168,generic,,,,,0402,,,,yes,value+footprint from schematic; voltage inferred from net; tolerance/dielectric unspecified
C180,generic,,,,,0402,,,,yes,value+footprint from schematic; voltage inferred from net; tolerance/dielectric unspecified
C213,generic,,,,,0402,,,,yes,value+footprint from schematic; voltage inferred from net; tolerance/dielectric unspecified
C12,generic,,,,,0603,,,,yes,value+footprint from schematic; voltage inferred from net; tolerance/dielectric unspecified
C19,generic,,,,,0603,,,,yes,value+footprint from schematic; voltage inferred from net; tolerance/dielectric unspecified
C20,generic,,,,,0603,,,,yes,value+footprint from schematic; voltage inferred from net; tolerance/dielectric unspecified
C217,generic,,,,,0603,,,,yes,value+footprint from schematic; voltage inferred from net; tolerance/dielectric unspecified
C218,generic,,,,,0603,,,,yes,value+footprint from schematic; voltage inferred from net; tolerance/dielectric unspecified
C222,generic,,,,,0603,,,,yes,value+footprint from schematic; voltage inferred from net; tolerance/dielectric unspecified
C249,generic,,,,,0603,,,,yes,value+footprint from schematic; voltage inferred from net; tolerance/dielectric unspecified
C89,generic,,,,,0603,,,,yes,value+footprint from schematic; voltage inferred from net; tolerance/dielectric unspecified
C14,generic,,,,,0402,,,,yes,value+footprint from schematic; voltage inferred from net; tolerance/dielectric unspecified
C304,generic,,,,,0402,,,,yes,value+footprint from schematic; voltage inferred from net; tolerance/dielectric unspecified
C305,generic,,,,,0402,,,,yes,value+footprint from schematic; voltage inferred from net; tolerance/dielectric unspecified
C307,generic,,,,,0402,,,,yes,value+footprint from schematic; voltage inferred from net; tolerance/dielectric unspecified
C155,generic,,,,,0603,,,,yes,value+footprint from schematic; voltage inferred from net; tolerance/dielectric unspecified
C156,generic,,,,,0603,,,,yes,value+footprint from schematic; voltage inferred from net; tolerance/dielectric unspecified
C157,generic,,,,,0603,,,,yes,value+footprint from schematic; voltage inferred from net; tolerance/dielectric unspecified
C183,generic,,,,,0603,,,,yes,value+footprint from schematic; voltage inferred from net; tolerance/dielectric unspecified
C185,generic,,,,,0603,,,,yes,value+footprint from schematic; voltage inferred from net; tolerance/dielectric unspecified
C186,generic,,,,,0603,,,,yes,value+footprint from schematic; voltage inferred from net; tolerance/dielectric unspecified
C188,generic,,,,,0603,,,,yes,value+footprint from schematic; voltage inferred from net; tolerance/dielectric unspecified
C194,generic,,,,,0603,,,,yes,value+footprint from schematic; voltage inferred from net; tolerance/dielectric unspecified
C195,generic,,,,,0603,,,,yes,value+footprint from schematic; voltage inferred from net; tolerance/dielectric unspecified
C16,generic,,,,,0402,,,,yes,value+footprint from schematic; voltage inferred from net; tolerance/dielectric unspecified
C179,generic,,,,,0402,,,,yes,value+footprint from schematic; voltage inferred from net; tolerance/dielectric unspecified
C206,generic,,,,,0402,,,,yes,value+footprint from schematic; voltage inferred from net; tolerance/dielectric unspecified
C28,generic,,,,,0402,,,,yes,value+footprint from schematic; voltage inferred from net; tolerance/dielectric unspecified
C37,generic,,,,,0402,,,,yes,value+footprint from schematic; voltage inferred from net; tolerance/dielectric unspecified
C38,generic,,,,,0402,,,,yes,value+footprint from schematic; voltage inferred from net; tolerance/dielectric unspecified
C9,generic,,,,,0402,,,,yes,value+footprint from schematic; voltage inferred from net; tolerance/dielectric unspecified
C95,generic,,,,,0402,,,,yes,value+footprint from schematic; voltage inferred from net; tolerance/dielectric unspecified
C170,generic,,,,,0402,,,,yes,value+footprint from schematic; voltage inferred from net; tolerance/dielectric unspecified
C171,generic,,,,,0402,,,,yes,value+footprint from schematic; voltage inferred from net; tolerance/dielectric unspecified
C187,generic,,,,,0402,,,,yes,value+footprint from schematic; voltage inferred from net; tolerance/dielectric unspecified
C189,generic,,,,,0402,,,,yes,value+footprint from schematic; voltage inferred from net; tolerance/dielectric unspecified
C190,generic,,,,,0402,,,,yes,value+footprint from schematic; voltage inferred from net; tolerance/dielectric unspecified
C191,generic,,,,,0402,,,,yes,value+footprint from schematic; voltage inferred from net; tolerance/dielectric unspecified
C192,generic,,,,,0402,,,,yes,value+footprint from schematic; voltage inferred from net; tolerance/dielectric unspecified
C193,generic,,,,,0402,,,,yes,value+footprint from schematic; voltage inferred from net; tolerance/dielectric unspecified
C197,generic,,,,,0402,,,,yes,value+footprint from schematic; voltage inferred from net; tolerance/dielectric unspecified
C198,generic,,,,,0402,,,,yes,value+footprint from schematic; voltage inferred from net; tolerance/dielectric unspecified
C199,generic,,,,,0402,,,,yes,value+footprint from schematic; voltage inferred from net; tolerance/dielectric unspecified
C200,generic,,,,,0402,,,,yes,value+footprint from schematic; voltage inferred from net; tolerance/dielectric unspecified
C201,generic,,,,,0402,,,,yes,value+footprint from schematic; voltage inferred from net; tolerance/dielectric unspecified
C202,generic,,,,,0402,,,,yes,value+footprint from schematic; voltage inferred from net; tolerance/dielectric unspecified
C203,generic,,,,,0402,,,,yes,value+footprint from schematic; voltage inferred from net; tolerance/dielectric unspecified
C204,generic,,,,,0402,,,,yes,value+footprint from schematic; voltage inferred from net; tolerance/dielectric unspecified
C205,generic,,,,,0402,,,,yes,value+footprint from schematic; voltage inferred from net; tolerance/dielectric unspecified
C250,generic,,,,,0402,,,,yes,value+footprint from schematic; voltage inferred from net; tolerance/dielectric unspecified
C251,generic,,,,,0402,,,,yes,value+footprint from schematic; voltage inferred from net; tolerance/dielectric unspecified
C96,generic,,,,,0402,,,,yes,value+footprint from schematic; voltage inferred from net; tolerance/dielectric unspecified
C97,generic,,,,,0402,,,,yes,value+footprint from schematic; voltage inferred from net; tolerance/dielectric unspecified
C99,generic,,,,,0402,,,,yes,value+footprint from schematic; voltage inferred from net; tolerance/dielectric unspecified
C181,generic,,,,,1210,,,,yes,value+footprint from schematic; voltage inferred from net; tolerance/dielectric unspecified
C182,generic,,,,,1206,,,,yes,value+footprint from schematic; voltage inferred from net; tolerance/dielectric unspecified
C184,generic,,,,,1206,,,,yes,value+footprint from schematic; voltage inferred from net; tolerance/dielectric unspecified
C196,generic,,,,,1206,,,,yes,value+footprint from schematic; voltage inferred from net; tolerance/dielectric unspecified
C208,generic,,,,,0402,,,,yes,value+footprint from schematic; voltage inferred from net; tolerance/dielectric unspecified
C209,generic,,,,,0402,,,,yes,value+footprint from schematic; voltage inferred from net; tolerance/dielectric unspecified
C216,generic,,,,,0603,,,,yes,value+footprint from schematic; voltage inferred from net; tolerance/dielectric unspecified
C22,generic,,,,,0603,,,,yes,value+footprint from schematic; voltage inferred from net; tolerance/dielectric unspecified
C220,generic,,,,,0603,,,,yes,value+footprint from schematic; voltage inferred from net; tolerance/dielectric unspecified
C31,generic,,,,,0603,,,,yes,value+footprint from schematic; voltage inferred from net; tolerance/dielectric unspecified
C33,generic,,,,,0402,,,,yes,value+footprint from schematic; voltage inferred from net; tolerance/dielectric unspecified
C34,generic,,,,,0402,,,,yes,value+footprint from schematic; voltage inferred from net; tolerance/dielectric unspecified
C39,generic,,,,,0402,,,,yes,value+footprint from schematic; voltage inferred from net; tolerance/dielectric unspecified
C40,generic,,,,,0402,,,,yes,value+footprint from schematic; voltage inferred from net; tolerance/dielectric unspecified
C42,generic,,,,,0402,,,,yes,value+footprint from schematic; voltage inferred from net; tolerance/dielectric unspecified
C46,generic,,,,,0402,,,,yes,value+footprint from schematic; voltage inferred from net; tolerance/dielectric unspecified
C52,generic,,,,,0402,,,,yes,value+footprint from schematic; voltage inferred from net; tolerance/dielectric unspecified
C55,generic,,,,,0402,,,,yes,value+footprint from schematic; voltage inferred from net; tolerance/dielectric unspecified
C48,generic,,,,,0402,,,,yes,value+footprint from schematic; voltage inferred from net; tolerance/dielectric unspecified
C57,generic,,,,,0402,,,,yes,value+footprint from schematic; voltage inferred from net; tolerance/dielectric unspecified
CON1,mpn,,,,No-result: see docs/hardware/fmcw3 memo,,,,,no,
CON2,mpn,,,,No-result: see docs/hardware/fmcw3 memo,,,,,no,
D1,generic,,,,,0603,,,,yes,value+footprint from schematic; voltage inferred from net; tolerance/dielectric unspecified
D2,generic,,,,,0603,,,,yes,value+footprint from schematic; voltage inferred from net; tolerance/dielectric unspecified
D3,generic,,,,,0603,,,,yes,value+footprint from schematic; voltage inferred from net; tolerance/dielectric unspecified
D5,generic,,,,,0603,,,,yes,value+footprint from schematic; voltage inferred from net; tolerance/dielectric unspecified
D6,generic,,,,,0603,,,,yes,value+footprint from schematic; voltage inferred from net; tolerance/dielectric unspecified
D7,generic,,,,,0603,,,,yes,value+footprint from schematic; voltage inferred from net; tolerance/dielectric unspecified
FB1,mpn,Murata Electronics,BLM18PG181SN1D,490-5263-1-ND,,,,,,no,"exact MPN, DigiKey lookup"
FB12,mpn,Murata Electronics,BLM18PG181SN1D,490-5263-1-ND,,,,,,no,"exact MPN, DigiKey lookup"
FB13,mpn,Murata Electronics,BLM18PG181SN1D,490-5263-1-ND,,,,,,no,"exact MPN, DigiKey lookup"
FB14,mpn,Murata Electronics,BLM18PG181SN1D,490-5263-1-ND,,,,,,no,"exact MPN, DigiKey lookup"
FB2,mpn,Murata Electronics,BLM18PG181SN1D,490-5263-1-ND,,,,,,no,"exact MPN, DigiKey lookup"
FB3,mpn,Murata Electronics,BLM18PG181SN1D,490-5263-1-ND,,,,,,no,"exact MPN, DigiKey lookup"
FB4,mpn,Murata Electronics,BLM18PG181SN1D,490-5263-1-ND,,,,,,no,"exact MPN, DigiKey lookup"
FB5,mpn,Murata Electronics,BLM18PG181SN1D,490-5263-1-ND,,,,,,no,"exact MPN, DigiKey lookup"
FB6,mpn,Murata Electronics,BLM18PG181SN1D,490-5263-1-ND,,,,,,no,"exact MPN, DigiKey lookup"
FB7,mpn,Murata Electronics,BLM18PG181SN1D,490-5263-1-ND,,,,,,no,"exact MPN, DigiKey lookup"
FB8,mpn,Murata Electronics,BLM18PG181SN1D,490-5263-1-ND,,,,,,no,"exact MPN, DigiKey lookup"
FB11,mpn,TDK,MPZ2012S101AT000,445-MPZ2012S101AT000CT-ND,,,,,,no,"exact MPN, DigiKey lookup"
J1,generic,,,,needs-David: see docs/hardware/fmcw3 memo,,,,,yes,value+footprint from schematic; voltage inferred from net; tolerance/dielectric unspecified
L1,mpn,Murata Electronics,LQW15AN9N9J80D,490-7690-1-ND,,,,,,no,"exact MPN, DigiKey lookup"
L3,mpn,Murata Electronics,LQW15AN9N9J80D,490-7690-1-ND,,,,,,no,"exact MPN, DigiKey lookup"
L12,generic,,,,,0805,,,,yes,value+footprint from schematic; voltage inferred from net; tolerance/dielectric unspecified
L13,generic,,,,,0805,,,,yes,value+footprint from schematic; voltage inferred from net; tolerance/dielectric unspecified
L14,generic,,,,,0805,,,,yes,value+footprint from schematic; voltage inferred from net; tolerance/dielectric unspecified
L15,generic,,,,,0805,,,,yes,value+footprint from schematic; voltage inferred from net; tolerance/dielectric unspecified
L2,generic,,,,,0402,,,,yes,value+footprint from schematic; voltage inferred from net; tolerance/dielectric unspecified
L4,generic,,,,,0402,,,,yes,value+footprint from schematic; voltage inferred from net; tolerance/dielectric unspecified
L5,mpn,Bourns Inc.,SRR6040A-330M,SRR6040A-330MCT-ND,NFND: see docs/hardware/fmcw3 memo,,,,,no,"exact MPN, DigiKey lookup"
L6,mpn,Bourns Inc.,SRR6040A-330M,SRR6040A-330MCT-ND,NFND: see docs/hardware/fmcw3 memo,,,,,no,"exact MPN, DigiKey lookup"
L7,mpn,Bourns Inc.,SRR6040A-330M,SRR6040A-330MCT-ND,NFND: see docs/hardware/fmcw3 memo,,,,,no,"exact MPN, DigiKey lookup"
P1,mpn,,,,No-result: see docs/hardware/fmcw3 memo,,,,,no,
P2,mpn,,,,No-result: see docs/hardware/fmcw3 memo,,,,,no,
U15,mpn,,,,No-result: see docs/hardware/fmcw3 memo,,,,,no,
R1,generic,,,,,0402,,,,yes,value+footprint from schematic; voltage inferred from net; tolerance/dielectric unspecified
R100,generic,,,,,0402,,,,yes,value+footprint from schematic; voltage inferred from net; tolerance/dielectric unspecified
R17,generic,,,,,0402,,,,yes,value+footprint from schematic; voltage inferred from net; tolerance/dielectric unspecified
R51,generic,,,,,0402,,,,yes,value+footprint from schematic; voltage inferred from net; tolerance/dielectric unspecified
R52,generic,,,,,0402,,,,yes,value+footprint from schematic; voltage inferred from net; tolerance/dielectric unspecified
R53,generic,,,,,0402,,,,yes,value+footprint from schematic; voltage inferred from net; tolerance/dielectric unspecified
R54,generic,,,,,0402,,,,yes,value+footprint from schematic; voltage inferred from net; tolerance/dielectric unspecified
R97,generic,,,,,0402,,,,yes,value+footprint from schematic; voltage inferred from net; tolerance/dielectric unspecified
R98,generic,,,,,0402,,,,yes,value+footprint from schematic; voltage inferred from net; tolerance/dielectric unspecified
R99,generic,,,,,0402,,,,yes,value+footprint from schematic; voltage inferred from net; tolerance/dielectric unspecified
R104,generic,,,,,0402,,,,yes,value+footprint from schematic; voltage inferred from net; tolerance/dielectric unspecified
R29,generic,,,,,0402,,,,yes,value+footprint from schematic; voltage inferred from net; tolerance/dielectric unspecified
R30,generic,,,,,0402,,,,yes,value+footprint from schematic; voltage inferred from net; tolerance/dielectric unspecified
R39,generic,,,,,0402,,,,yes,value+footprint from schematic; voltage inferred from net; tolerance/dielectric unspecified
R40,generic,,,,,0402,,,,yes,value+footprint from schematic; voltage inferred from net; tolerance/dielectric unspecified
R73,generic,,,,,0402,,,,yes,value+footprint from schematic; voltage inferred from net; tolerance/dielectric unspecified
R83,generic,,,,,0402,,,,yes,value+footprint from schematic; voltage inferred from net; tolerance/dielectric unspecified
R92,generic,,,,,0402,,,,yes,value+footprint from schematic; voltage inferred from net; tolerance/dielectric unspecified
R109,generic,,,,,0402,,,,yes,value+footprint from schematic; voltage inferred from net; tolerance/dielectric unspecified
R111,generic,,,,,0402,,,,yes,value+footprint from schematic; voltage inferred from net; tolerance/dielectric unspecified
R24,generic,,,,,0402,,,,yes,value+footprint from schematic; voltage inferred from net; tolerance/dielectric unspecified
R25,generic,,,,,0402,,,,yes,value+footprint from schematic; voltage inferred from net; tolerance/dielectric unspecified
R27,generic,,,,,0402,,,,yes,value+footprint from schematic; voltage inferred from net; tolerance/dielectric unspecified
R300,generic,,,,,0402,,,,yes,value+footprint from schematic; voltage inferred from net; tolerance/dielectric unspecified
R301,generic,,,,,0402,,,,yes,value+footprint from schematic; voltage inferred from net; tolerance/dielectric unspecified
R4,generic,,,,,0402,,,,yes,value+footprint from schematic; voltage inferred from net; tolerance/dielectric unspecified
R72,generic,,,,,0402,,,,yes,value+footprint from schematic; voltage inferred from net; tolerance/dielectric unspecified
R11,generic,,,,,0402,,,,yes,value+footprint from schematic; voltage inferred from net; tolerance/dielectric unspecified
R12,generic,,,,,0402,,,,yes,value+footprint from schematic; voltage inferred from net; tolerance/dielectric unspecified
R9,generic,,,,,0402,,,,yes,value+footprint from schematic; voltage inferred from net; tolerance/dielectric unspecified
R110,generic,,,,,0402,,,,yes,value+footprint from schematic; voltage inferred from net; tolerance/dielectric unspecified
R114,generic,,,,,0402,,,,yes,value+footprint from schematic; voltage inferred from net; tolerance/dielectric unspecified
R115,generic,,,,,0402,,,,yes,value+footprint from schematic; voltage inferred from net; tolerance/dielectric unspecified
R18,generic,,,,,0402,,,,yes,value+footprint from schematic; voltage inferred from net; tolerance/dielectric unspecified
R19,generic,,,,,0402,,,,yes,value+footprint from schematic; voltage inferred from net; tolerance/dielectric unspecified
R20,generic,,,,,0402,,,,yes,value+footprint from schematic; voltage inferred from net; tolerance/dielectric unspecified
R41,generic,,,,,0402,,,,yes,value+footprint from schematic; voltage inferred from net; tolerance/dielectric unspecified
R42,generic,,,,,0402,,,,yes,value+footprint from schematic; voltage inferred from net; tolerance/dielectric unspecified
R55,generic,,,,,0402,,,,yes,value+footprint from schematic; voltage inferred from net; tolerance/dielectric unspecified
R56,generic,,,,,0402,,,,yes,value+footprint from schematic; voltage inferred from net; tolerance/dielectric unspecified
R57,generic,,,,,0402,,,,yes,value+footprint from schematic; voltage inferred from net; tolerance/dielectric unspecified
R58,generic,,,,,0402,,,,yes,value+footprint from schematic; voltage inferred from net; tolerance/dielectric unspecified
R63,generic,,,,,0402,,,,yes,value+footprint from schematic; voltage inferred from net; tolerance/dielectric unspecified
R64,generic,,,,,0402,,,,yes,value+footprint from schematic; voltage inferred from net; tolerance/dielectric unspecified
R7,generic,,,,,0402,,,,yes,value+footprint from schematic; voltage inferred from net; tolerance/dielectric unspecified
R70,generic,,,,,0402,,,,yes,value+footprint from schematic; voltage inferred from net; tolerance/dielectric unspecified
R80,generic,,,,,0402,,,,yes,value+footprint from schematic; voltage inferred from net; tolerance/dielectric unspecified
R81,generic,,,,,0402,,,,yes,value+footprint from schematic; voltage inferred from net; tolerance/dielectric unspecified
R93,generic,,,,,0402,,,,yes,value+footprint from schematic; voltage inferred from net; tolerance/dielectric unspecified
R112,generic,,,,,0402,,,,yes,value+footprint from schematic; voltage inferred from net; tolerance/dielectric unspecified
R117,generic,,,,,0402,,,,yes,value+footprint from schematic; voltage inferred from net; tolerance/dielectric unspecified
R118,generic,,,,,0402,,,,yes,value+footprint from schematic; voltage inferred from net; tolerance/dielectric unspecified
R14,generic,,,,,0402,,,,yes,value+footprint from schematic; voltage inferred from net; tolerance/dielectric unspecified
R5,generic,,,,,0402,,,,yes,value+footprint from schematic; voltage inferred from net; tolerance/dielectric unspecified
R6,generic,,,,,0402,,,,yes,value+footprint from schematic; voltage inferred from net; tolerance/dielectric unspecified
R82,generic,,,,,0402,,,,yes,value+footprint from schematic; voltage inferred from net; tolerance/dielectric unspecified
R91,generic,,,,,0402,,,,yes,value+footprint from schematic; voltage inferred from net; tolerance/dielectric unspecified
R13,generic,,,,,0402,,,,yes,value+footprint from schematic; voltage inferred from net; tolerance/dielectric unspecified
R130,generic,,,,,0402,,,,yes,value+footprint from schematic; voltage inferred from net; tolerance/dielectric unspecified
R15,generic,,,,,0402,,,,yes,value+footprint from schematic; voltage inferred from net; tolerance/dielectric unspecified
R16,generic,,,,,0402,,,,yes,value+footprint from schematic; voltage inferred from net; tolerance/dielectric unspecified
R21,generic,,,,,0402,,,,yes,value+footprint from schematic; voltage inferred from net; tolerance/dielectric unspecified
R84,generic,,,,,0402,,,,yes,value+footprint from schematic; voltage inferred from net; tolerance/dielectric unspecified
R85,generic,,,,,0402,,,,yes,value+footprint from schematic; voltage inferred from net; tolerance/dielectric unspecified
R88,generic,,,,,0402,,,,yes,value+footprint from schematic; voltage inferred from net; tolerance/dielectric unspecified
R2,generic,,,,,0402,,,,yes,value+footprint from schematic; voltage inferred from net; tolerance/dielectric unspecified
R48,generic,,,,,0402,,,,yes,value+footprint from schematic; voltage inferred from net; tolerance/dielectric unspecified
R22,generic,,,,,0402,,,,yes,value+footprint from schematic; voltage inferred from net; tolerance/dielectric unspecified
R23,generic,,,,,0402,,,,yes,value+footprint from schematic; voltage inferred from net; tolerance/dielectric unspecified
R26,generic,,,,,0402,,,,yes,value+footprint from schematic; voltage inferred from net; tolerance/dielectric unspecified
R28,generic,,,,,0402,,,,yes,value+footprint from schematic; voltage inferred from net; tolerance/dielectric unspecified
R31,generic,,,,,0402,,,,yes,value+footprint from schematic; voltage inferred from net; tolerance/dielectric unspecified
R38,generic,,,,,0402,,,,yes,value+footprint from schematic; voltage inferred from net; tolerance/dielectric unspecified
R3,generic,,,,,0402,,,,yes,value+footprint from schematic; voltage inferred from net; tolerance/dielectric unspecified
R8,generic,,,,,0402,,,,yes,value+footprint from schematic; voltage inferred from net; tolerance/dielectric unspecified
R302,generic,,,,,0402,,,,yes,value+footprint from schematic; voltage inferred from net; tolerance/dielectric unspecified
R303,generic,,,,,0603,,,,yes,value+footprint from schematic; voltage inferred from net; tolerance/dielectric unspecified
R305,generic,,,,,0603,,,,yes,value+footprint from schematic; voltage inferred from net; tolerance/dielectric unspecified
R304,generic,,,,,0402,,,,yes,value+footprint from schematic; voltage inferred from net; tolerance/dielectric unspecified
R32,generic,,,,,0402,,,,yes,value+footprint from schematic; voltage inferred from net; tolerance/dielectric unspecified
R33,generic,,,,,0402,,,,yes,value+footprint from schematic; voltage inferred from net; tolerance/dielectric unspecified
R34,generic,,,,,0402,,,,yes,value+footprint from schematic; voltage inferred from net; tolerance/dielectric unspecified
R36,generic,,,,,0402,,,,yes,value+footprint from schematic; voltage inferred from net; tolerance/dielectric unspecified
R35,generic,,,,,0402,,,,yes,value+footprint from schematic; voltage inferred from net; tolerance/dielectric unspecified
R46,generic,,,,,0402,,,,yes,value+footprint from schematic; voltage inferred from net; tolerance/dielectric unspecified
R47,generic,,,,,0402,,,,yes,value+footprint from schematic; voltage inferred from net; tolerance/dielectric unspecified
R37,generic,,,,,0402,,,,yes,value+footprint from schematic; voltage inferred from net; tolerance/dielectric unspecified
R71,generic,,,,,0402,,,,yes,value+footprint from schematic; voltage inferred from net; tolerance/dielectric unspecified
R43,generic,,,,,0402,,,,yes,value+footprint from schematic; voltage inferred from net; tolerance/dielectric unspecified
R44,generic,,,,,0402,,,,yes,value+footprint from schematic; voltage inferred from net; tolerance/dielectric unspecified
R49,generic,,,,,0402,,,,yes,value+footprint from schematic; voltage inferred from net; tolerance/dielectric unspecified
R45,generic,,,,,0402,,,,yes,value+footprint from schematic; voltage inferred from net; tolerance/dielectric unspecified
R79,generic,,,,,0402,,,,yes,value+footprint from schematic; voltage inferred from net; tolerance/dielectric unspecified
SW1,mpn,Aratas (Formerly Omron Components),B3U-1000P,SW1020CT-ND,,,,,,no,"exact MPN, DigiKey lookup"
SW2,mpn,Aratas (Formerly Omron Components),B3U-1000P,SW1020CT-ND,,,,,,no,"exact MPN, DigiKey lookup"
U1,mpn,,,,No-result: see docs/hardware/fmcw3 memo,,,,,no,
U10,mpn,Analog Devices Inc.,HMC431LP4ETR,1127-1036-1-ND,,,,,,no,"exact MPN, DigiKey lookup"
U11,mpn,,,,No-result: see docs/hardware/fmcw3 memo,,,,,no,
U16,mpn,,,,No-result: see docs/hardware/fmcw3 memo,,,,,no,
U12,mpn,,,,No-result: see docs/hardware/fmcw3 memo,,,,,no,
U13,mpn,,,,No-result: see docs/hardware/fmcw3 memo,,,,,no,
U9,mpn,,,,No-result: see docs/hardware/fmcw3 memo,,,,,no,
U14,mpn,,,,No-result: see docs/hardware/fmcw3 memo,,,,,no,
U17,mpn,,,,No-result: see docs/hardware/fmcw3 memo,,,,,no,
U18,mpn,,,,No-result: see docs/hardware/fmcw3 memo,,,,,no,
U19,mpn,,,,No-result: see docs/hardware/fmcw3 memo,,,,,no,
U20,mpn,,,,No-result: see docs/hardware/fmcw3 memo,,,,,no,
U39,mpn,,,,No-result: see docs/hardware/fmcw3 memo,,,,,no,
U21,mpn,Texas Instruments,LP2985A-10DBVR,296-24264-1-ND,,,,,,no,"exact MPN, DigiKey lookup"
U22,mpn,,,,No-result: see docs/hardware/fmcw3 memo,,,,,no,
U23,mpn,,,,No-result: see docs/hardware/fmcw3 memo,,,,,no,
U24,mpn,,,,No-result: see docs/hardware/fmcw3 memo,,,,,no,
U25,mpn,,,,No-result: see docs/hardware/fmcw3 memo,,,,,no,
U26,mpn,Johanson Technology Inc.,5400BL15B0050001E,712-5400BL15B0050001ECT-ND,,,,,,no,"exact MPN, DigiKey lookup"
U27,mpn,Johanson Technology Inc.,5400BL15B0050001E,712-5400BL15B0050001ECT-ND,,,,,,no,"exact MPN, DigiKey lookup"
U28,mpn,Johanson Technology Inc.,5400BL15B0050001E,712-5400BL15B0050001ECT-ND,,,,,,no,"exact MPN, DigiKey lookup"
U29,mpn,,,,No-result: see docs/hardware/fmcw3 memo,,,,,no,
U3,mpn,,,,No-result: see docs/hardware/fmcw3 memo,,,,,no,
U30,mpn,AMD,XC7A35T-1FTG256C,122-1910-ND,,,,,,no,"exact MPN, DigiKey lookup"
U32,mpn,,,,No-result: see docs/hardware/fmcw3 memo,,,,,no,
U33,mpn,"FTDI, Future Technology Devices International Ltd",FT2232HL-REEL,768-1024-1-ND,,,,,,no,"exact MPN, DigiKey lookup"
U40,mpn,,,,No-result: see docs/hardware/fmcw3 memo,,,,,no,
U45,mpn,,,,No-result: see docs/hardware/fmcw3 memo,,,,,no,
U6,mpn,,,,No-result: see docs/hardware/fmcw3 memo,,,,,no,
U7,mpn,,,,No-result: see docs/hardware/fmcw3 memo,,,,,no,
U8,mpn,,,,needs-David: see docs/hardware/fmcw3 memo,,,,,no,
Y1,mpn,Abracon LLC,ABM10-167-12.000MHZ-T3,535-13521-1-ND,,,,,,no,"exact MPN, DigiKey lookup"
Y2,mpn,,,,No-result: see docs/hardware/fmcw3 memo,,,,,no,
